category;subcategory
Programowanie;Języki programowania
Programowanie;Inżynieria oprogramowania
Programowanie;Testowanie oprogramowania
Programowanie;Projektowanie i tworzenie baz danych
Programowanie;Tworzenie gier
Programowanie;Tworzenie stron internetowych
Programowanie;Programowanie mobilne
Programowanie;Narzędzia programistyczne
Programowanie;Badanie danych
Projektowanie;Narzędzia projektowe
Projektowanie;3D i animacja
Projektowanie;Projektowanie — inne
Projektowanie;Projektowanie architektoniczne
Projektowanie;Projektowanie stron internetowych
Projektowanie;Projektowanie wnętrz
Projektowanie;Projektowanie graficzne i ilustrowanie
Projektowanie;Projektowanie doświadczeń użytkownika
Biznes;Zasoby ludzkie
Biznes;Prowadzenie firmy
Biznes;Analityka biznesowa i BI
Biznes;Nieruchomości
Biznes;Strategie biznesowe
Biznes;Handel elektroniczny
Biznes;Media
Biznes;Komunikacja
Biznes;Operacje
Biznes;Zarządzanie projektami
Biznes;Sprzedaż
Biznes;Biznes — inne
Biznes;Zarządzanie
Rozwój osobisty;Poczucie własnej wartości i pewność siebie
Rozwój osobisty;Zarządzanie stresem
Rozwój osobisty;Rozwój zawodowy
Rozwój osobisty;Rozwój osobisty — inne
Rozwój osobisty;Zapamiętywanie i metody nauki
Rozwój osobisty;Kreatywność
Rozwój osobisty;Wywieranie wpływu
Rozwój osobisty;Budowanie marki osobistej
Rozwój osobisty;Organizacja pracy
Rozwój osobisty;Przemiana osobista
Rozwój osobisty;Szczęście
Rozwój osobisty;Kierownictwo
Rozwój osobisty;Rodzicielstwo i związki
IT i oprogramowanie;Systemy operacyjne
IT i oprogramowanie;IT i oprogramowanie — inne
IT i oprogramowanie;Certyfikacja IT
IT i oprogramowanie;Sieć i bezpieczeństwo
IT i oprogramowanie;Sprzęt
